8.9405575,8.940668,8.940885,8.938664,8.925373,8.876251,nan,nan,nan,nan,nan,nan,nan,nan,nan,nan,nan,nan
7.058128,7.0642085,7.0713673,7.0888233,7.154365,7.2796726,nan,nan,nan,nan,nan,nan,nan,nan,nan,nan,nan,nan
5.9245496,5.9105215,5.9030957,5.8961744,5.926181,5.9568825,nan,nan,nan,nan,nan,nan,nan,nan,nan,nan,nan,nan
6.683221,6.548678,6.432947,6.331266,6.3433037,6.2620597,nan,nan,nan,nan,nan,nan,nan,nan,nan,nan,nan,nan
7.4806867,7.1809297,6.869157,6.611034,6.4475403,6.284912,nan,nan,nan,nan,nan,nan,nan,nan,nan,nan,nan,nan
9.638445,8.897574,8.177094,7.539857,6.7488112,6.3433466,nan,nan,nan,nan,nan,nan,nan,nan,nan,nan,nan,nan
11.183319,10.05815,9.168879,8.303242,7.35643,6.5400443,nan,nan,nan,nan,nan,nan,nan,nan,nan,nan,nan,nan
12.028466,10.68908,9.621889,8.653748,7.5637364,6.583321,nan,nan,nan,nan,nan,nan,nan,nan,nan,nan,nan,nan
12.595699,11.233977,10.113203,9.054226,7.8798485,6.708003,nan,nan,nan,nan,nan,nan,nan,nan,nan,nan,nan,nan
11.873401,11.394284,10.609314,9.470149,8.147519,6.8353987,nan,nan,nan,nan,nan,nan,nan,nan,nan,nan,nan,nan
10.289566,10.29381,10.15664,9.625019,8.560234,7.1271214,nan,nan,nan,nan,nan,nan,nan,nan,nan,nan,nan,nan
9.409865,9.409177,9.408672,9.345237,9.034738,7.5392942,nan,nan,nan,nan,nan,nan,nan,nan,nan,nan,nan,nan
8.639887,8.642569,8.647796,8.642206,8.594342,8.087274,nan,nan,nan,nan,nan,nan,nan,nan,nan,nan,nan,nan
7.020408,7.0339494,7.0380287,7.0498543,7.0874147,7.1246862,nan,nan,nan,nan,nan,nan,nan,nan,nan,nan,nan,nan
6.82716,6.8264813,6.8261075,6.8289704,6.8432646,6.864771,nan,nan,nan,nan,nan,nan,nan,nan,nan,nan,nan,nan
7.0672083,7.0019655,6.98148,6.9702516,6.9462657,6.8791065,nan,nan,nan,nan,nan,nan,nan,nan,nan,nan,nan,nan
8.241264,7.8339343,7.5903764,7.4136686,7.1096945,6.8950105,nan,nan,nan,nan,nan,nan,nan,nan,nan,nan,nan,nan
10.218947,9.475251,8.832858,8.289103,7.4943604,6.982872,nan,nan,nan,nan,nan,nan,nan,nan,nan,nan,nan,nan
11.214271,10.230118,9.400304,8.620247,8.048902,7.1746383,nan,nan,nan,nan,nan,nan,nan,nan,nan,nan,nan,nan
12.051023,10.736264,9.552206,8.650341,8.189434,7.2795687,nan,nan,nan,nan,nan,nan,nan,nan,nan,nan,nan,nan
12.468907,10.997828,9.550472,8.49623,8.143089,7.3200307,nan,nan,nan,nan,nan,nan,nan,nan,nan,nan,nan,nan
12.159795,11.3357525,10.080153,8.820616,8.147941,7.388819,nan,nan,nan,nan,nan,nan,nan,nan,nan,nan,nan,nan
10.800652,10.794982,10.630132,10.020188,8.8416815,7.6181684,nan,nan,nan,nan,nan,nan,nan,nan,nan,nan,nan,nan
8.477986,8.479302,8.479843,8.477854,8.495544,8.165416,nan,nan,nan,nan,nan,nan,nan,nan,nan,nan,nan,nan
6.920252,6.918766,6.9179974,6.91781,6.9154224,6.9538736,nan,nan,nan,nan,nan,nan,nan,nan,nan,nan,nan,nan
6.5108337,6.5093756,6.5094485,6.506128,6.4800687,6.4461603,nan,nan,nan,nan,nan,nan,nan,nan,nan,nan,nan,nan
6.224174,6.2247305,6.2260604,6.221758,6.188371,6.1685386,nan,nan,nan,nan,nan,nan,nan,nan,nan,nan,nan,nan
6.451491,6.427957,6.4251595,6.395725,6.278562,6.264842,nan,nan,nan,nan,nan,nan,nan,nan,nan,nan,nan,nan
7.848868,7.457348,7.2156644,7.065513,6.548565,6.2890015,nan,nan,nan,nan,nan,nan,nan,nan,nan,nan,nan,nan
9.109685,8.433975,7.814093,7.444223,6.9583235,6.369205,nan,nan,nan,nan,nan,nan,nan,nan,nan,nan,nan,nan
9.73181,8.864268,8.18917,7.707577,7.2614384,6.5317235,nan,nan,nan,nan,nan,nan,nan,nan,nan,nan,nan,nan
10.619168,9.80065,9.086667,8.358995,7.593864,6.6588397,nan,nan,nan,nan,nan,nan,nan,nan,nan,nan,nan,nan
11.278891,10.407444,9.681103,8.869355,7.9187026,6.7737207,nan,nan,nan,nan,nan,nan,nan,nan,nan,nan,nan,nan
11.208719,10.677005,9.91157,9.015543,8.160815,6.902918,nan,nan,nan,nan,nan,nan,nan,nan,nan,nan,nan,nan
10.235922,10.236459,10.09783,9.573332,8.598469,7.140901,nan,nan,nan,nan,nan,nan,nan,nan,nan,nan,nan,nan
7.9062643,7.9062395,7.9064517,7.9118147,7.939155,7.4070535,nan,nan,nan,nan,nan,nan,nan,nan,nan,nan,nan,nan
5.0917873,5.0904007,5.0902576,5.0934167,5.1031227,5.2140923,nan,nan,nan,nan,nan,nan,nan,nan,nan,nan,nan,nan
4.358392,4.35936,4.3659096,4.3562965,4.2654176,4.2768106,nan,nan,nan,nan,nan,nan,nan,nan,nan,nan,nan,nan
4.548452,4.529184,4.5073385,4.450547,4.185254,4.04258,nan,nan,nan,nan,nan,nan,nan,nan,nan,nan,nan,nan
5.2596316,5.2453284,5.229292,5.0827236,4.559285,4.124303,nan,nan,nan,nan,nan,nan,nan,nan,nan,nan,nan,nan
6.472975,6.2938046,6.2000437,5.8949714,5.01882,4.2299395,nan,nan,nan,nan,nan,nan,nan,nan,nan,nan,nan,nan
8.025213,6.9484158,6.4774637,6.087771,5.32733,4.364351,nan,nan,nan,nan,nan,nan,nan,nan,nan,nan,nan,nan
8.353125,7.2778645,6.809209,6.283869,5.456214,4.4283824,nan,nan,nan,nan,nan,nan,nan,nan,nan,nan,nan,nan
9.166268,8.0579405,7.5692844,6.935241,5.73312,4.573043,nan,nan,nan,nan,nan,nan,nan,nan,nan,nan,nan,nan
10.634413,9.266758,8.392201,7.5140686,6.079237,4.719163,nan,nan,nan,nan,nan,nan,nan,nan,nan,nan,nan,nan
10.906873,10.162349,9.051051,8.10353,7.100999,5.239249,nan,nan,nan,nan,nan,nan,nan,nan,nan,nan,nan,nan
10.109506,9.902713,9.240573,8.2287245,7.2582793,5.53058,nan,nan,nan,nan,nan,nan,nan,nan,nan,nan,nan,nan
9.069876,9.0679455,8.944884,8.467717,7.528657,5.752961,nan,nan,nan,nan,nan,nan,nan,nan,nan,nan,nan,nan
7.8602414,7.858973,7.858223,7.8610263,7.876892,6.801792,nan,nan,nan,nan,nan,nan,nan,nan,nan,nan,nan,nan
6.701984,6.7037034,6.71246,6.723937,6.7180834,6.603199,nan,nan,nan,nan,nan,nan,nan,nan,nan,nan,nan,nan
5.8585157,5.852066,5.845492,5.8388333,5.8061714,5.6203275,nan,nan,nan,nan,nan,nan,nan,nan,nan,nan,nan,nan
6.734138,6.2425575,5.9357557,5.8217783,5.7685223,5.5472026,nan,nan,nan,nan,nan,nan,nan,nan,nan,nan,nan,nan
8.444253,7.6370144,6.5962725,5.989508,5.816042,5.590471,nan,nan,nan,nan,nan,nan,nan,nan,nan,nan,nan,nan
9.017399,8.342521,7.406114,6.55761,5.9803414,5.6142817,nan,nan,nan,nan,nan,nan,nan,nan,nan,nan,nan,nan
10.059769,9.354864,8.641644,7.7116046,6.6137376,5.745626,nan,nan,nan,nan,nan,nan,nan,nan,nan,nan,nan,nan
11.601431,10.325003,9.019085,7.889724,7.087773,5.894762,nan,nan,nan,nan,nan,nan,nan,nan,nan,nan,nan,nan
12.20109,10.978622,9.419088,8.193988,7.353029,6.0568433,nan,nan,nan,nan,nan,nan,nan,nan,nan,nan,nan,nan
11.878678,11.371762,10.086506,8.721204,7.5547028,6.1722736,nan,nan,nan,nan,nan,nan,nan,nan,nan,nan,nan,nan
11.134511,11.029877,10.554124,9.554938,8.250912,6.434892,nan,nan,nan,nan,nan,nan,nan,nan,nan,nan,nan,nan
9.373167,9.371239,9.369202,9.338947,9.199313,7.8374534,nan,nan,nan,nan,nan,nan,nan,nan,nan,nan,nan,nan
7.29167,7.291139,7.2912884,7.2876625,7.2657094,7.3087587,nan,nan,nan,nan,nan,nan,nan,nan,nan,nan,nan,nan
5.7033057,5.6965704,5.693608,5.692955,5.635176,5.6395483,nan,nan,nan,nan,nan,nan,nan,nan,nan,nan,nan,nan
5.63196,5.429748,5.3008385,5.3236284,5.274229,5.2303295,nan,nan,nan,nan,nan,nan,nan,nan,nan,nan,nan,nan
6.999044,6.3308873,5.915689,5.712119,5.265563,5.0791855,nan,nan,nan,nan,nan,nan,nan,nan,nan,nan,nan,nan
8.702454,7.9841123,7.2992015,6.6317487,5.603621,5.107427,nan,nan,nan,nan,nan,nan,nan,nan,nan,nan,nan,nan
9.266917,8.492551,7.685579,6.9303546,5.9233403,5.178217,nan,nan,nan,nan,nan,nan,nan,nan,nan,nan,nan,nan
10.082498,9.070888,8.066201,7.3162293,6.284352,5.330914,nan,nan,nan,nan,nan,nan,nan,nan,nan,nan,nan,nan
11.101759,9.649236,8.382054,7.4919333,6.5207553,5.4253464,nan,nan,nan,nan,nan,nan,nan,nan,nan,nan,nan,nan
11.359982,10.109378,9.1025715,8.168112,6.8150606,5.546273,nan,nan,nan,nan,nan,nan,nan,nan,nan,nan,nan,nan
11.075427,10.389155,9.647378,8.650518,7.1730847,5.724426,nan,nan,nan,nan,nan,nan,nan,nan,nan,nan,nan,nan
10.153828,10.140783,9.935344,9.255485,8.081928,6.2177873,nan,nan,nan,nan,nan,nan,nan,nan,nan,nan,nan,nan
9.267196,9.266232,9.262624,9.207307,8.970043,7.048086,nan,nan,nan,nan,nan,nan,nan,nan,nan,nan,nan,nan
7.713379,7.712308,7.7118683,7.7215543,7.768222,7.598455,nan,nan,nan,nan,nan,nan,nan,nan,nan,nan,nan,nan
6.961962,6.96212,6.9656277,6.9750113,6.989974,6.9082193,nan,nan,nan,nan,nan,nan,nan,nan,nan,nan,nan,nan
6.069902,6.0721526,6.0777445,6.094878,6.140393,6.202602,nan,nan,nan,nan,nan,nan,nan,nan,nan,nan,nan,nan
5.6219125,5.6090517,5.59995,5.6068406,5.639281,5.712047,nan,nan,nan,nan,nan,nan,nan,nan,nan,nan,nan,nan
6.1110735,5.920476,5.888254,5.859207,5.8658557,5.8493133,nan,nan,nan,nan,nan,nan,nan,nan,nan,nan,nan,nan
9.082905,7.613162,6.986232,6.4669037,6.028354,5.883927,nan,nan,nan,nan,nan,nan,nan,nan,nan,nan,nan,nan
11.314197,9.494023,8.146667,7.1587462,6.349517,5.9525113,nan,nan,nan,nan,nan,nan,nan,nan,nan,nan,nan,nan
11.4109,9.9856205,8.706556,7.646012,6.6736526,6.018014,nan,nan,nan,nan,nan,nan,nan,nan,nan,nan,nan,nan
11.932495,10.446617,9.138434,8.06047,7.06268,6.154552,nan,nan,nan,nan,nan,nan,nan,nan,nan,nan,nan,nan
11.138878,9.949093,9.051414,8.284322,7.27672,6.2673845,nan,nan,nan,nan,nan,nan,nan,nan,nan,nan,nan,nan
10.32667,10.323484,10.220262,9.714113,8.371058,6.570636,nan,nan,nan,nan,nan,nan,nan,nan,nan,nan,nan,nan
9.845294,9.843428,9.837632,9.753993,9.39349,7.3555,nan,nan,nan,nan,nan,nan,nan,nan,nan,nan,nan,nan
7.426615,7.4316387,7.434649,7.4497495,7.5207996,7.5485253,nan,nan,nan,nan,nan,nan,nan,nan,nan,nan,nan,nan
5.5088577,5.513142,5.528919,5.531684,5.5262117,5.697717,nan,nan,nan,nan,nan,nan,nan,nan,nan,nan,nan,nan
5.7164125,5.680331,5.605628,5.524546,5.4303885,5.366664,nan,nan,nan,nan,nan,nan,nan,nan,nan,nan,nan,nan
6.3507943,6.204129,6.0452986,5.946994,5.8830705,5.5460696,nan,nan,nan,nan,nan,nan,nan,nan,nan,nan,nan,nan
8.054395,7.0089097,6.4306445,6.190115,5.9510856,5.642941,nan,nan,nan,nan,nan,nan,nan,nan,nan,nan,nan,nan
9.90757,8.461245,7.2672296,6.5953827,6.160652,5.7353945,nan,nan,nan,nan,nan,nan,nan,nan,nan,nan,nan,nan
10.491259,9.17438,8.000862,7.156155,6.451955,5.8660364,nan,nan,nan,nan,nan,nan,nan,nan,nan,nan,nan,nan
10.355658,9.030575,8.33391,7.68739,6.6891932,5.9515457,nan,nan,nan,nan,nan,nan,nan,nan,nan,nan,nan,nan
10.329155,8.958961,8.526298,8.014252,7.0681806,6.0911374,nan,nan,nan,nan,nan,nan,nan,nan,nan,nan,nan,nan
10.665514,9.594895,8.945167,8.360102,7.4662566,6.301519,nan,nan,nan,nan,nan,nan,nan,nan,nan,nan,nan,nan
10.287175,10.111953,9.625527,8.875885,7.968556,6.6524634,nan,nan,nan,nan,nan,nan,nan,nan,nan,nan,nan,nan
8.954671,8.952057,8.9486065,8.906317,8.716327,7.1483617,nan,nan,nan,nan,nan,nan,nan,nan,nan,nan,nan,nan
6.849055,6.848413,6.848053,6.8678102,6.966137,6.8754797,nan,nan,nan,nan,nan,nan,nan,nan,nan,nan,nan,nan
4.943886,4.9397073,4.9328775,4.9245095,4.8887253,5.0255284,nan,nan,nan,nan,nan,nan,nan,nan,nan,nan,nan,nan
5.4419975,5.433832,5.42094,5.4078097,5.3809023,5.3643026,nan,nan,nan,nan,nan,nan,nan,nan,nan,nan,nan,nan
6.023373,5.873704,5.661252,5.582788,5.6636195,5.6847143,nan,nan,nan,nan,nan,nan,nan,nan,nan,nan,nan,nan
7.4250236,6.853383,6.417164,6.074947,5.767708,5.703242,nan,nan,nan,nan,nan,nan,nan,nan,nan,nan,nan,nan
8.458075,7.4021177,6.693531,6.2913303,5.9230204,5.7276373,nan,nan,nan,nan,nan,nan,nan,nan,nan,nan,nan,nan
9.214171,8.361908,7.909968,7.4593163,6.279991,5.8071966,nan,nan,nan,nan,nan,nan,nan,nan,nan,nan,nan,nan
10.332507,9.7165,9.343423,8.642767,6.949714,5.9847665,nan,nan,nan,nan,nan,nan,nan,nan,nan,nan,nan,nan
10.966594,9.739385,8.874838,8.072348,7.198393,6.1108174,nan,nan,nan,nan,nan,nan,nan,nan,nan,nan,nan,nan
10.902808,9.4581585,8.406633,7.7500696,7.2362,6.2463665,nan,nan,nan,nan,nan,nan,nan,nan,nan,nan,nan,nan
9.881442,9.569399,8.769834,7.793238,7.2758927,6.380956,nan,nan,nan,nan,nan,nan,nan,nan,nan,nan,nan,nan
8.985952,8.981994,8.770464,8.118313,7.320354,6.4877157,nan,nan,nan,nan,nan,nan,nan,nan,nan,nan,nan,nan
6.7660685,6.754298,6.7439747,6.744373,6.762124,6.58095,nan,nan,nan,nan,nan,nan,nan,nan,nan,nan,nan,nan
5.697559,5.693918,5.689888,5.6871853,5.685955,5.705578,nan,nan,nan,nan,nan,nan,nan,nan,nan,nan,nan,nan
5.3726735,5.3765893,5.3762608,5.3711386,5.345062,5.425457,nan,nan,nan,nan,nan,nan,nan,nan,nan,nan,nan,nan
6.0081425,5.9334927,5.8254128,5.7216315,5.5311847,5.372315,nan,nan,nan,nan,nan,nan,nan,nan,nan,nan,nan,nan
6.879363,6.568703,6.247703,5.9727497,5.713741,5.5022035,nan,nan,nan,nan,nan,nan,nan,nan,nan,nan,nan,nan
7.859549,7.0538907,6.4214687,6.0448923,5.8214016,5.6370087,nan,nan,nan,nan,nan,nan,nan,nan,nan,nan,nan,nan
9.902995,8.289791,6.9888797,6.4019165,5.9481406,5.712739,nan,nan,nan,nan,nan,nan,nan,nan,nan,nan,nan,nan
11.34851,9.001781,7.516662,6.832935,6.1411495,5.7247,nan,nan,nan,nan,nan,nan,nan,nan,nan,nan,nan,nan
12.100959,10.465082,9.168247,8.181879,6.8510776,5.90947,nan,nan,nan,nan,nan,nan,nan,nan,nan,nan,nan,nan
11.759745,11.291061,10.436869,9.264788,8.08018,6.5215287,nan,nan,nan,nan,nan,nan,nan,nan,nan,nan,nan,nan
10.0992565,10.094803,10.023902,9.77038,9.299077,7.257028,nan,nan,nan,nan,nan,nan,nan,nan,nan,nan,nan,nan
8.573952,8.572817,8.571967,8.561536,8.513569,7.787656,nan,nan,nan,nan,nan,nan,nan,nan,nan,nan,nan,nan
7.0681396,7.0663056,7.064802,7.072001,7.1115756,7.1661654,nan,nan,nan,nan,nan,nan,nan,nan,nan,nan,nan,nan
5.7153263,5.7135606,5.7123566,5.719765,5.758682,5.831811,nan,nan,nan,nan,nan,nan,nan,nan,nan,nan,nan,nan
5.218489,5.2319336,5.238998,5.2408175,5.2462225,5.230227,nan,nan,nan,nan,nan,nan,nan,nan,nan,nan,nan,nan
5.714416,5.565716,5.479521,5.4764657,5.4720044,5.4398613,nan,nan,nan,nan,nan,nan,nan,nan,nan,nan,nan,nan
6.569477,6.1251545,5.9511957,5.877937,5.796128,5.6962557,nan,nan,nan,nan,nan,nan,nan,nan,nan,nan,nan,nan
7.924879,7.0685873,6.475465,6.125231,5.9471397,5.745884,nan,nan,nan,nan,nan,nan,nan,nan,nan,nan,nan,nan
9.572533,8.246682,7.1756463,6.4441094,6.0849533,5.7657022,nan,nan,nan,nan,nan,nan,nan,nan,nan,nan,nan,nan
10.59347,9.579915,8.305105,7.0874233,6.2831464,5.7837553,nan,nan,nan,nan,nan,nan,nan,nan,nan,nan,nan,nan
11.513971,10.661542,9.778556,8.344344,6.825547,5.9053664,nan,nan,nan,nan,nan,nan,nan,nan,nan,nan,nan,nan
10.971031,10.854648,10.385422,9.366931,8.023095,6.2415977,nan,nan,nan,nan,nan,nan,nan,nan,nan,nan,nan,nan
9.870794,9.868286,9.853748,9.746945,9.365649,7.085953,nan,nan,nan,nan,nan,nan,nan,nan,nan,nan,nan,nan
8.883498,8.881265,8.878956,8.871011,8.839538,8.175348,nan,nan,nan,nan,nan,nan,nan,nan,nan,nan,nan,nan
7.584091,7.5850444,7.591968,7.6014986,7.591623,7.5604672,nan,nan,nan,nan,nan,nan,nan,nan,nan,nan,nan,nan
6.763608,6.783916,6.813791,6.819598,6.814232,6.8430247,nan,nan,nan,nan,nan,nan,nan,nan,nan,nan,nan,nan
6.6017346,6.6432867,6.7030706,6.7355504,6.7209554,6.678901,nan,nan,nan,nan,nan,nan,nan,nan,nan,nan,nan,nan
6.976569,6.7696033,6.7420487,6.7355127,6.7013326,6.611948,nan,nan,nan,nan,nan,nan,nan,nan,nan,nan,nan,nan
7.696521,7.1826673,6.981515,6.9249744,6.8059726,6.597826,nan,nan,nan,nan,nan,nan,nan,nan,nan,nan,nan,nan
8.813998,7.89254,7.3610926,7.127921,6.928425,6.5968323,nan,nan,nan,nan,nan,nan,nan,nan,nan,nan,nan,nan
9.744312,8.520125,7.836242,7.499689,7.1215796,6.641758,nan,nan,nan,nan,nan,nan,nan,nan,nan,nan,nan,nan
10.477512,9.241421,8.474023,7.9613304,7.284544,6.6795306,nan,nan,nan,nan,nan,nan,nan,nan,nan,nan,nan,nan
11.598967,10.434393,9.33653,8.516272,7.672331,6.820697,nan,nan,nan,nan,nan,nan,nan,nan,nan,nan,nan,nan
11.949817,11.414152,10.379125,9.169694,8.11711,7.0789566,nan,nan,nan,nan,nan,nan,nan,nan,nan,nan,nan,nan
10.277342,10.273823,10.237469,10.05233,9.527689,7.8231297,nan,nan,nan,nan,nan,nan,nan,nan,nan,nan,nan,nan
8.769096,8.768559,8.768253,8.777329,8.82265,8.560599,nan,nan,nan,nan,nan,nan,nan,nan,nan,nan,nan,nan
7.203952,7.2023463,7.2010922,7.202339,7.2113667,7.199201,nan,nan,nan,nan,nan,nan,nan,nan,nan,nan,nan,nan
6.548896,6.552069,6.5538445,6.5580153,6.5699825,6.5552053,nan,nan,nan,nan,nan,nan,nan,nan,nan,nan,nan,nan
6.124615,6.122721,6.120144,6.121131,6.120173,6.126829,nan,nan,nan,nan,nan,nan,nan,nan,nan,nan,nan,nan
6.563808,6.1356897,6.0589895,6.0281763,6.0165653,6.0661664,nan,nan,nan,nan,nan,nan,nan,nan,nan,nan,nan,nan
7.6605396,6.8480153,6.540805,6.3838344,6.3268623,6.3161964,nan,nan,nan,nan,nan,nan,nan,nan,nan,nan,nan,nan
8.711428,7.5476427,7.094754,7.021052,6.9520016,6.8400416,nan,nan,nan,nan,nan,nan,nan,nan,nan,nan,nan,nan
10.09715,8.769781,7.9288917,7.4859915,7.1501055,6.9382133,nan,nan,nan,nan,nan,nan,nan,nan,nan,nan,nan,nan
11.834959,9.871495,8.59758,7.8075514,7.3609786,6.9325957,nan,nan,nan,nan,nan,nan,nan,nan,nan,nan,nan,nan
11.960287,10.405845,9.175901,8.378382,7.6055636,6.9736905,nan,nan,nan,nan,nan,nan,nan,nan,nan,nan,nan,nan
11.462085,10.746693,9.8506565,8.953557,8.049478,7.1123686,nan,nan,nan,nan,nan,nan,nan,nan,nan,nan,nan,nan
9.900759,9.897284,9.873536,9.746727,9.353499,8.242534,nan,nan,nan,nan,nan,nan,nan,nan,nan,nan,nan,nan
8.888089,8.887474,8.887141,8.882686,8.859568,8.884394,nan,nan,nan,nan,nan,nan,nan,nan,nan,nan,nan,nan
7.327135,7.326709,7.3267756,7.33348,7.3646436,7.469223,nan,nan,nan,nan,nan,nan,nan,nan,nan,nan,nan,nan
6.522844,6.5216413,6.5222273,6.5290785,6.552178,6.6077824,nan,nan,nan,nan,nan,nan,nan,nan,nan,nan,nan,nan
6.41458,6.4020734,6.3858852,6.3759565,6.3391824,6.3052216,nan,nan,nan,nan,nan,nan,nan,nan,nan,nan,nan,nan
6.966925,6.9429936,6.8833575,6.7757516,6.660572,6.349568,nan,nan,nan,nan,nan,nan,nan,nan,nan,nan,nan,nan
7.5049577,7.299287,7.161445,6.9976153,6.7891536,6.38988,nan,nan,nan,nan,nan,nan,nan,nan,nan,nan,nan,nan
8.747758,7.9729314,7.5040555,7.180848,6.9240174,6.447534,nan,nan,nan,nan,nan,nan,nan,nan,nan,nan,nan,nan
9.899313,8.337951,7.5238357,7.137949,6.9876423,6.489347,nan,nan,nan,nan,nan,nan,nan,nan,nan,nan,nan,nan
11.262839,9.226019,7.938969,7.241725,6.976722,6.5217466,nan,nan,nan,nan,nan,nan,nan,nan,nan,nan,nan,nan
12.326707,10.583669,8.954755,7.863901,7.1381917,6.6056185,nan,nan,nan,nan,nan,nan,nan,nan,nan,nan,nan,nan
11.349631,10.962464,10.204304,9.201137,7.7293878,6.7276216,nan,nan,nan,nan,nan,nan,nan,nan,nan,nan,nan,nan
9.399262,9.3967905,9.37153,9.208325,8.678307,7.3400207,nan,nan,nan,nan,nan,nan,nan,nan,nan,nan,nan,nan
8.006778,8.005576,8.004789,8.003696,7.999631,7.8831997,nan,nan,nan,nan,nan,nan,nan,nan,nan,nan,nan,nan
7.094102,7.092317,7.091025,7.092588,7.102684,7.1107397,nan,nan,nan,nan,nan,nan,nan,nan,nan,nan,nan,nan
6.5966315,6.5891023,6.5749784,6.566914,6.55031,6.5968237,nan,nan,nan,nan,nan,nan,nan,nan,nan,nan,nan,nan
6.4125147,6.3348627,6.247021,6.239593,6.196542,6.3240247,nan,nan,nan,nan,nan,nan,nan,nan,nan,nan,nan,nan
6.911078,6.565489,6.1969147,6.109141,6.0441823,6.1401267,nan,nan,nan,nan,nan,nan,nan,nan,nan,nan,nan,nan
8.586548,7.95376,7.1979775,6.67248,6.1981072,6.1295843,nan,nan,nan,nan,nan,nan,nan,nan,nan,nan,nan,nan
9.492791,8.379586,7.564006,7.0764637,6.63242,6.2301517,nan,nan,nan,nan,nan,nan,nan,nan,nan,nan,nan,nan
10.358887,8.798826,7.8699846,7.328509,6.8440723,6.3079023,nan,nan,nan,nan,nan,nan,nan,nan,nan,nan,nan,nan
11.666837,9.678118,8.424043,7.7702694,7.1997595,6.4781575,nan,nan,nan,nan,nan,nan,nan,nan,nan,nan,nan,nan
11.491338,9.905341,9.1262,8.6368,7.5075502,6.6541243,nan,nan,nan,nan,nan,nan,nan,nan,nan,nan,nan,nan
10.653263,10.490881,10.218418,9.636188,8.390896,6.903787,nan,nan,nan,nan,nan,nan,nan,nan,nan,nan,nan,nan
9.720806,9.720348,9.7174635,9.631545,9.244264,7.4566536,nan,nan,nan,nan,nan,nan,nan,nan,nan,nan,nan,nan
8.796726,8.794756,8.793229,8.790589,8.780292,8.344545,nan,nan,nan,nan,nan,nan,nan,nan,nan,nan,nan,nan
7.5949936,7.5944867,7.5961337,7.607168,7.6448326,7.667598,nan,nan,nan,nan,nan,nan,nan,nan,nan,nan,nan,nan
6.8164344,6.8222294,6.8302207,6.837138,6.852169,6.890316,nan,nan,nan,nan,nan,nan,nan,nan,nan,nan,nan,nan
6.5719156,6.575274,6.5767016,6.581994,6.593323,6.6357493,nan,nan,nan,nan,nan,nan,nan,nan,nan,nan,nan,nan
6.295064,6.2814703,6.296827,6.3903995,6.413792,6.4760833,nan,nan,nan,nan,nan,nan,nan,nan,nan,nan,nan,nan
6.737305,6.636331,6.604769,6.5957284,6.533515,6.4444613,nan,nan,nan,nan,nan,nan,nan,nan,nan,nan,nan,nan
7.6643887,7.3489914,7.1775584,6.8875303,6.728267,6.468307,nan,nan,nan,nan,nan,nan,nan,nan,nan,nan,nan,nan
8.849335,8.040077,7.556875,7.1192565,6.86482,6.506286,nan,nan,nan,nan,nan,nan,nan,nan,nan,nan,nan,nan
9.300688,8.303214,7.8348994,7.5353713,7.0716047,6.5430408,nan,nan,nan,nan,nan,nan,nan,nan,nan,nan,nan,nan
10.684914,9.873291,9.5610485,8.944857,7.6246877,6.6960244,nan,nan,nan,nan,nan,nan,nan,nan,nan,nan,nan,nan
11.09584,10.483901,9.833316,9.151338,8.205483,6.996518,nan,nan,nan,nan,nan,nan,nan,nan,nan,nan,nan,nan
10.0223875,10.004481,9.838567,9.373112,8.713128,7.283875,nan,nan,nan,nan,nan,nan,nan,nan,nan,nan,nan,nan
8.867139,8.864853,8.862825,8.861835,8.863212,8.199303,nan,nan,nan,nan,nan,nan,nan,nan,nan,nan,nan,nan
7.0539937,7.051548,7.0491633,7.048224,7.0513287,7.087795,nan,nan,nan,nan,nan,nan,nan,nan,nan,nan,nan,nan
6.3385963,6.3363776,6.3345394,6.334692,6.341287,6.3930535,nan,nan,nan,nan,nan,nan,nan,nan,nan,nan,nan,nan
6.0493712,6.0519795,6.0671577,6.093694,6.091657,6.1097426,nan,nan,nan,nan,nan,nan,nan,nan,nan,nan,nan,nan
6.648155,6.468892,6.3430176,6.323176,6.2208176,6.0809608,nan,nan,nan,nan,nan,nan,nan,nan,nan,nan,nan,nan
7.297545,6.8864202,6.618012,6.467699,6.350205,6.0876527,nan,nan,nan,nan,nan,nan,nan,nan,nan,nan,nan,nan
9.099086,7.983399,7.0452566,6.5326343,6.3585067,6.0844245,nan,nan,nan,nan,nan,nan,nan,nan,nan,nan,nan,nan
10.572155,9.42068,8.373148,7.304833,6.5584717,6.1344056,nan,nan,nan,nan,nan,nan,nan,nan,nan,nan,nan,nan
11.254747,10.142475,9.131648,7.983706,7.126038,6.318454,nan,nan,nan,nan,nan,nan,nan,nan,nan,nan,nan,nan
11.5067425,10.290731,9.60878,8.65074,7.5674567,6.4753723,nan,nan,nan,nan,nan,nan,nan,nan,nan,nan,nan,nan
11.006057,9.988596,9.255722,8.522694,7.7001805,6.630866,nan,nan,nan,nan,nan,nan,nan,nan,nan,nan,nan,nan
10.41105,9.951715,9.153663,8.542955,7.819533,6.7583346,nan,nan,nan,nan,nan,nan,nan,nan,nan,nan,nan,nan
8.321311,8.319783,8.274353,8.1208725,7.8832517,7.2344317,nan,nan,nan,nan,nan,nan,nan,nan,nan,nan,nan,nan
6.976334,6.9783487,6.9822,6.9888544,7.001155,6.975323,nan,nan,nan,nan,nan,nan,nan,nan,nan,nan,nan,nan
6.1718674,6.2109046,6.236193,6.2542167,6.2491612,6.248785,nan,nan,nan,nan,nan,nan,nan,nan,nan,nan,nan,nan
5.990489,5.99484,6.01327,6.031675,6.014067,5.9946203,nan,nan,nan,nan,nan,nan,nan,nan,nan,nan,nan,nan
6.7112517,6.587244,6.4921393,6.383687,6.285037,6.0213847,nan,nan,nan,nan,nan,nan,nan,nan,nan,nan,nan,nan
7.7132025,7.115663,6.779075,6.598084,6.4921174,6.0797777,nan,nan,nan,nan,nan,nan,nan,nan,nan,nan,nan,nan
8.6622925,7.823562,7.3330255,7.023226,6.6363797,6.1416802,nan,nan,nan,nan,nan,nan,nan,nan,nan,nan,nan,nan
10.660106,9.183412,8.254446,7.672974,6.9187517,6.2281084,nan,nan,nan,nan,nan,nan,nan,nan,nan,nan,nan,nan
12.5253315,10.562442,9.164144,8.248003,7.2980022,6.3797727,nan,nan,nan,nan,nan,nan,nan,nan,nan,nan,nan,nan
12.856975,11.593536,9.9940815,8.793391,7.7614126,6.6262007,nan,nan,nan,nan,nan,nan,nan,nan,nan,nan,nan,nan
11.382395,11.027812,10.257318,9.236937,8.234216,6.8621583,nan,nan,nan,nan,nan,nan,nan,nan,nan,nan,nan,nan
9.671766,9.779503,9.754744,9.429662,8.841488,7.3605437,nan,nan,nan,nan,nan,nan,nan,nan,nan,nan,nan,nan
8.392215,8.462031,8.498368,8.489218,8.374251,7.5362544,nan,nan,nan,nan,nan,nan,nan,nan,nan,nan,nan,nan
6.4722486,6.4711614,6.4711485,6.476747,6.4981117,6.498666,nan,nan,nan,nan,nan,nan,nan,nan,nan,nan,nan,nan
5.4893293,5.497482,5.508291,5.5228877,5.532566,5.519389,nan,nan,nan,nan,nan,nan,nan,nan,nan,nan,nan,nan
5.781431,5.784069,5.745346,5.6617637,5.5803633,5.504249,nan,nan,nan,nan,nan,nan,nan,nan,nan,nan,nan,nan
6.432197,6.260426,6.0084133,5.805269,5.7575326,5.65138,nan,nan,nan,nan,nan,nan,nan,nan,nan,nan,nan,nan
6.8906975,6.433076,6.192992,6.0119963,5.8699765,5.712674,nan,nan,nan,nan,nan,nan,nan,nan,nan,nan,nan,nan
8.182198,7.4713187,6.9848213,6.674267,6.122473,5.7645116,nan,nan,nan,nan,nan,nan,nan,nan,nan,nan,nan,nan
9.910067,8.856107,8.131163,7.546262,6.591593,5.8650365,nan,nan,nan,nan,nan,nan,nan,nan,nan,nan,nan,nan
10.73413,9.535793,8.526327,7.734885,6.790057,5.941476,nan,nan,nan,nan,nan,nan,nan,nan,nan,nan,nan,nan
11.951385,11.0976515,9.910164,8.619782,7.5710177,6.332404,nan,nan,nan,nan,nan,nan,nan,nan,nan,nan,nan,nan
11.604881,11.566521,11.246855,10.3422785,8.920139,6.9558415,nan,nan,nan,nan,nan,nan,nan,nan,nan,nan,nan,nan
10.656187,10.659064,10.660428,10.621531,10.432429,8.66751,nan,nan,nan,nan,nan,nan,nan,nan,nan,nan,nan,nan
8.985012,8.987219,8.9915085,8.995054,8.990197,8.95441,nan,nan,nan,nan,nan,nan,nan,nan,nan,nan,nan,nan
6.221784,6.263364,6.292361,6.337694,6.4266615,6.5784116,nan,nan,nan,nan,nan,nan,nan,nan,nan,nan,nan,nan
4.918337,4.979623,5.066717,5.1109185,5.107232,5.2697515,nan,nan,nan,nan,nan,nan,nan,nan,nan,nan,nan,nan
4.6228504,4.6207123,4.626826,4.6230645,4.579738,4.643264,nan,nan,nan,nan,nan,nan,nan,nan,nan,nan,nan,nan
5.0539427,4.9649496,4.9309835,4.8621683,4.7168674,4.6934557,nan,nan,nan,nan,nan,nan,nan,nan,nan,nan,nan,nan
5.9283247,5.630125,5.4321427,5.164681,4.992193,4.8578563,nan,nan,nan,nan,nan,nan,nan,nan,nan,nan,nan,nan
7.2016993,6.56697,6.1354322,5.677815,5.175637,5.022159,nan,nan,nan,nan,nan,nan,nan,nan,nan,nan,nan,nan
8.595686,7.1761293,6.6184835,6.232767,5.6445956,5.1313667,nan,nan,nan,nan,nan,nan,nan,nan,nan,nan,nan,nan
9.122844,7.346208,6.7261066,6.344305,5.8006887,5.179216,nan,nan,nan,nan,nan,nan,nan,nan,nan,nan,nan,nan
10.884578,8.609872,7.1255083,6.539581,6.060784,5.3277364,nan,nan,nan,nan,nan,nan,nan,nan,nan,nan,nan,nan
10.557664,9.868072,9.026799,8.028951,6.489314,5.5616207,nan,nan,nan,nan,nan,nan,nan,nan,nan,nan,nan,nan
9.266654,9.268758,9.212018,8.892005,7.9724545,6.1277003,nan,nan,nan,nan,nan,nan,nan,nan,nan,nan,nan,nan
8.120017,8.120294,8.131525,8.1441345,8.085761,7.540025,nan,nan,nan,nan,nan,nan,nan,nan,nan,nan,nan,nan
6.598575,6.6252065,6.690446,6.7596717,6.733391,6.708457,nan,nan,nan,nan,nan,nan,nan,nan,nan,nan,nan,nan
6.093384,6.2458158,6.4453683,6.558284,6.518056,6.4522424,nan,nan,nan,nan,nan,nan,nan,nan,nan,nan,nan,nan
6.052238,6.100937,6.2499957,6.421504,6.43064,6.355817,nan,nan,nan,nan,nan,nan,nan,nan,nan,nan,nan,nan
6.8443904,6.70297,6.617813,6.5593925,6.4137044,6.2582045,nan,nan,nan,nan,nan,nan,nan,nan,nan,nan,nan,nan
8.30462,7.4787498,7.0362134,6.758462,6.636643,6.305137,nan,nan,nan,nan,nan,nan,nan,nan,nan,nan,nan,nan
8.519143,7.6599927,7.317048,7.1020336,6.771406,6.3509326,nan,nan,nan,nan,nan,nan,nan,nan,nan,nan,nan,nan
9.495364,8.238027,7.778431,7.5379853,6.995734,6.3883076,nan,nan,nan,nan,nan,nan,nan,nan,nan,nan,nan,nan
10.913432,9.624151,8.772495,8.07064,7.1946115,6.450464,nan,nan,nan,nan,nan,nan,nan,nan,nan,nan,nan,nan
12.400795,11.038399,9.775732,8.565079,7.5427856,6.597915,nan,nan,nan,nan,nan,nan,nan,nan,nan,nan,nan,nan
11.513016,11.180691,10.381701,9.216415,8.021341,6.833358,nan,nan,nan,nan,nan,nan,nan,nan,nan,nan,nan,nan
8.96906,8.966792,8.958758,8.89602,8.662399,7.8054805,nan,nan,nan,nan,nan,nan,nan,nan,nan,nan,nan,nan
8.374434,8.372432,8.370654,8.364297,8.34023,8.237209,nan,nan,nan,nan,nan,nan,nan,nan,nan,nan,nan,nan
6.7493973,6.7486763,6.748478,6.759347,6.811929,6.979168,nan,nan,nan,nan,nan,nan,nan,nan,nan,nan,nan,nan
6.0176535,6.0187573,6.019974,6.025262,6.043239,6.142069,nan,nan,nan,nan,nan,nan,nan,nan,nan,nan,nan,nan
6.268977,6.31658,6.3527956,6.3473268,6.294507,6.156118,nan,nan,nan,nan,nan,nan,nan,nan,nan,nan,nan,nan
6.4659977,6.50114,6.4911666,6.457884,6.4005356,6.146779,nan,nan,nan,nan,nan,nan,nan,nan,nan,nan,nan,nan
8.503746,7.6452117,6.902267,6.6540685,6.4860983,6.1783166,nan,nan,nan,nan,nan,nan,nan,nan,nan,nan,nan,nan
9.750677,8.053622,7.1002216,6.8334084,6.599585,6.205339,nan,nan,nan,nan,nan,nan,nan,nan,nan,nan,nan,nan
10.606237,8.65305,7.496692,7.049949,6.7331986,6.2648115,nan,nan,nan,nan,nan,nan,nan,nan,nan,nan,nan,nan
11.672658,9.955437,8.79191,8.006783,7.0777044,6.37303,nan,nan,nan,nan,nan,nan,nan,nan,nan,nan,nan,nan
12.173499,11.052171,10.084184,8.788335,7.5016394,6.5504675,nan,nan,nan,nan,nan,nan,nan,nan,nan,nan,nan,nan
11.266705,11.004419,10.599726,9.713625,8.218164,6.7514834,nan,nan,nan,nan,nan,nan,nan,nan,nan,nan,nan,nan
9.62242,9.6197405,9.59749,9.469808,9.07758,7.4957967,nan,nan,nan,nan,nan,nan,nan,nan,nan,nan,nan,nan
8.039499,8.039014,8.038967,8.03746,8.029696,7.889482,nan,nan,nan,nan,nan,nan,nan,nan,nan,nan,nan,nan
6.0688615,6.06796,6.067139,6.084768,6.1754217,6.264969,nan,nan,nan,nan,nan,nan,nan,nan,nan,nan,nan,nan
5.399331,5.3994126,5.398221,5.4044514,5.4311695,5.521699,nan,nan,nan,nan,nan,nan,nan,nan,nan,nan,nan,nan
5.614686,5.68606,5.807431,5.825693,5.640793,5.5717072,nan,nan,nan,nan,nan,nan,nan,nan,nan,nan,nan,nan
6.4475584,6.336563,6.249725,6.196239,6.00042,5.664712,nan,nan,nan,nan,nan,nan,nan,nan,nan,nan,nan,nan
7.2472744,6.8173447,6.3445764,6.0725236,6.0345206,5.7454486,nan,nan,nan,nan,nan,nan,nan,nan,nan,nan,nan,nan
7.7926464,7.135647,6.610385,6.311434,6.1560884,5.7946024,nan,nan,nan,nan,nan,nan,nan,nan,nan,nan,nan,nan
7.76163,6.8240347,6.468672,6.302973,6.2350364,5.8346515,nan,nan,nan,nan,nan,nan,nan,nan,nan,nan,nan,nan
10.120693,9.092895,8.033026,6.585595,6.27611,5.8806567,nan,nan,nan,nan,nan,nan,nan,nan,nan,nan,nan,nan
12.293514,10.914928,9.5884495,7.7437177,6.5566435,5.976833,nan,nan,nan,nan,nan,nan,nan,nan,nan,nan,nan,nan
11.819841,10.834736,9.194812,7.605428,6.6998034,6.0921264,nan,nan,nan,nan,nan,nan,nan,nan,nan,nan,nan,nan
9.935995,9.662413,8.871124,7.825291,7.0866976,6.347886,nan,nan,nan,nan,nan,nan,nan,nan,nan,nan,nan,nan
7.371819,7.370941,7.367081,7.3479166,7.292835,7.002326,nan,nan,nan,nan,nan,nan,nan,nan,nan,nan,nan,nan
6.4315495,6.4293423,6.4269705,6.420513,6.4016075,6.3260307,nan,nan,nan,nan,nan,nan,nan,nan,nan,nan,nan,nan
5.8684597,5.867666,5.8671646,5.8700857,5.884848,5.889756,nan,nan,nan,nan,nan,nan,nan,nan,nan,nan,nan,nan
5.7428217,5.7403593,5.7381454,5.7353854,5.715214,5.63891,nan,nan,nan,nan,nan,nan,nan,nan,nan,nan,nan,nan
6.6615486,6.531833,6.320488,6.0441823,5.783359,5.596621,nan,nan,nan,nan,nan,nan,nan,nan,nan,nan,nan,nan
7.7581077,7.1813188,6.5855126,6.0586286,5.858344,5.58343,nan,nan,nan,nan,nan,nan,nan,nan,nan,nan,nan,nan
8.242853,7.164774,6.494023,6.067595,5.9144626,5.589605,nan,nan,nan,nan,nan,nan,nan,nan,nan,nan,nan,nan
9.417973,7.776845,6.7272973,6.1480727,6.0255833,5.6432343,nan,nan,nan,nan,nan,nan,nan,nan,nan,nan,nan,nan
9.990105,8.196734,7.0441318,6.4697647,6.168482,5.7252617,nan,nan,nan,nan,nan,nan,nan,nan,nan,nan,nan,nan
10.771635,8.312009,6.9842186,6.5779185,6.377292,5.8466077,nan,nan,nan,nan,nan,nan,nan,nan,nan,nan,nan,nan
10.537722,9.3232355,7.816691,7.044218,6.5864344,5.982314,nan,nan,nan,nan,nan,nan,nan,nan,nan,nan,nan,nan
9.071117,9.081636,9.070034,8.8892,8.219624,6.7874103,nan,nan,nan,nan,nan,nan,nan,nan,nan,nan,nan,nan
7.8080444,7.9214334,8.121484,8.2635355,8.213045,7.1818004,nan,nan,nan,nan,nan,nan,nan,nan,nan,nan,nan,nan
6.8662376,6.881597,6.9049516,6.952404,7.0112915,6.8471723,nan,nan,nan,nan,nan,nan,nan,nan,nan,nan,nan,nan
5.862117,5.8856378,5.9028463,5.9141645,5.903064,5.893469,nan,nan,nan,nan,nan,nan,nan,nan,nan,nan,nan,nan
5.5249095,5.5184793,5.5170083,5.5114646,5.4856853,5.4859195,nan,nan,nan,nan,nan,nan,nan,nan,nan,nan,nan,nan
6.407776,6.106523,5.7949677,5.6344495,5.536675,5.5039206,nan,nan,nan,nan,nan,nan,nan,nan,nan,nan,nan,nan
8.121092,7.188476,6.399026,5.913616,5.614457,5.498073,nan,nan,nan,nan,nan,nan,nan,nan,nan,nan,nan,nan
9.018553,7.8814073,6.8697786,6.279611,5.8326983,5.523716,nan,nan,nan,nan,nan,nan,nan,nan,nan,nan,nan,nan
9.563721,8.219801,7.1361017,6.4728928,6.209638,5.6569195,nan,nan,nan,nan,nan,nan,nan,nan,nan,nan,nan,nan
10.551128,9.332399,8.495746,7.754848,6.5286055,5.797552,nan,nan,nan,nan,nan,nan,nan,nan,nan,nan,nan,nan
12.120049,10.890433,10.010625,9.2123785,7.523005,6.0880284,nan,nan,nan,nan,nan,nan,nan,nan,nan,nan,nan,nan
11.964925,11.663904,10.996721,9.900065,8.193369,6.425395,nan,nan,nan,nan,nan,nan,nan,nan,nan,nan,nan,nan
10.750843,10.882532,10.789639,9.95309,8.457085,6.83468,nan,nan,nan,nan,nan,nan,nan,nan,nan,nan,nan,nan
8.3285055,8.607288,8.836219,8.796529,8.476828,7.276041,nan,nan,nan,nan,nan,nan,nan,nan,nan,nan,nan,nan
7.2489605,7.268248,7.3284235,7.4933443,7.6916623,7.2494864,nan,nan,nan,nan,nan,nan,nan,nan,nan,nan,nan,nan
6.2779727,6.277747,6.276793,6.2774377,6.2838044,6.4074845,nan,nan,nan,nan,nan,nan,nan,nan,nan,nan,nan,nan
6.159486,6.1581626,6.1578674,6.1541715,6.1460843,6.2177057,nan,nan,nan,nan,nan,nan,nan,nan,nan,nan,nan,nan
6.5102673,6.475939,6.4474134,6.4279876,6.441497,6.4873695,nan,nan,nan,nan,nan,nan,nan,nan,nan,nan,nan,nan
6.940269,6.835421,6.7383056,6.691034,6.733726,6.6602006,nan,nan,nan,nan,nan,nan,nan,nan,nan,nan,nan,nan
7.104436,6.6585226,6.3887677,6.3538585,6.4103136,6.5076885,nan,nan,nan,nan,nan,nan,nan,nan,nan,nan,nan,nan
8.886203,7.4102283,6.2099104,5.8111997,5.7439713,5.9738955,nan,nan,nan,nan,nan,nan,nan,nan,nan,nan,nan,nan
10.794413,9.392256,8.290224,7.452461,5.9998994,5.9500175,nan,nan,nan,nan,nan,nan,nan,nan,nan,nan,nan,nan
11.507423,10.398957,9.554982,8.661607,7.2055492,6.2644362,nan,nan,nan,nan,nan,nan,nan,nan,nan,nan,nan,nan
11.214075,10.5150795,9.488758,8.605833,7.8321176,6.5860944,nan,nan,nan,nan,nan,nan,nan,nan,nan,nan,nan,nan
9.521597,9.182354,8.290079,7.4017353,7.4003053,6.965973,nan,nan,nan,nan,nan,nan,nan,nan,nan,nan,nan,nan
7.830718,7.8334312,7.744414,7.5151606,7.4091554,7.2981644,nan,nan,nan,nan,nan,nan,nan,nan,nan,nan,nan,nan
6.196652,6.199728,6.2011886,6.20518,6.2248797,6.2183766,nan,nan,nan,nan,nan,nan,nan,nan,nan,nan,nan,nan
5.3086963,5.3072414,5.3056984,5.300324,5.279035,5.2941337,nan,nan,nan,nan,nan,nan,nan,nan,nan,nan,nan,nan
5.379401,5.346239,5.29383,5.26736,5.2298946,5.116746,nan,nan,nan,nan,nan,nan,nan,nan,nan,nan,nan,nan
5.721364,5.6398907,5.545073,5.481707,5.408626,5.1868134,nan,nan,nan,nan,nan,nan,nan,nan,nan,nan,nan,nan
7.92191,6.6586046,5.9396086,5.657181,5.514978,5.166507,nan,nan,nan,nan,nan,nan,nan,nan,nan,nan,nan,nan
9.074823,7.5559783,6.4979706,5.9658756,5.668873,5.2206807,nan,nan,nan,nan,nan,nan,nan,nan,nan,nan,nan,nan
8.637096,7.003596,6.3040485,6.0159845,5.823508,5.283799,nan,nan,nan,nan,nan,nan,nan,nan,nan,nan,nan,nan
9.921695,8.890395,8.527079,7.960218,6.3064866,5.4300265,nan,nan,nan,nan,nan,nan,nan,nan,nan,nan,nan,nan
12.054147,11.843384,11.34904,10.393604,8.925052,6.1931133,nan,nan,nan,nan,nan,nan,nan,nan,nan,nan,nan,nan
11.2939205,11.289862,11.175699,10.719932,9.749944,6.8859086,nan,nan,nan,nan,nan,nan,nan,nan,nan,nan,nan,nan
9.968012,9.966391,9.961064,9.916752,9.749067,7.988194,nan,nan,nan,nan,nan,nan,nan,nan,nan,nan,nan,nan
8.195752,8.194593,8.19464,8.196228,8.1987505,8.1468,nan,nan,nan,nan,nan,nan,nan,nan,nan,nan,nan,nan
6.5118375,6.5137534,6.518673,6.528239,6.540206,6.5860395,nan,nan,nan,nan,nan,nan,nan,nan,nan,nan,nan,nan
5.7857842,5.7842975,5.783263,5.780264,5.7682467,5.850695,nan,nan,nan,nan,nan,nan,nan,nan,nan,nan,nan,nan
5.584973,5.585899,5.58701,5.580353,5.5458226,5.6139283,nan,nan,nan,nan,nan,nan,nan,nan,nan,nan,nan,nan
6.4301367,5.9618335,5.824106,5.779775,5.6707516,5.7154455,nan,nan,nan,nan,nan,nan,nan,nan,nan,nan,nan,nan
9.02603,8.322951,7.48427,6.866605,6.128006,5.8132005,nan,nan,nan,nan,nan,nan,nan,nan,nan,nan,nan,nan
9.636658,8.649882,7.645177,6.903741,6.4553246,5.8766737,nan,nan,nan,nan,nan,nan,nan,nan,nan,nan,nan,nan
10.094916,8.533585,7.483243,6.7914886,6.5940866,5.9337134,nan,nan,nan,nan,nan,nan,nan,nan,nan,nan,nan,nan
10.623115,8.970918,8.114994,7.559435,6.746307,6.0125217,nan,nan,nan,nan,nan,nan,nan,nan,nan,nan,nan,nan
11.703115,10.597199,9.885331,9.172053,7.6129184,6.3184705,nan,nan,nan,nan,nan,nan,nan,nan,nan,nan,nan,nan
11.291918,10.995741,10.494176,9.649775,8.308142,6.8724623,nan,nan,nan,nan,nan,nan,nan,nan,nan,nan,nan,nan
9.73211,9.728714,9.674482,9.421604,8.757826,7.1892195,nan,nan,nan,nan,nan,nan,nan,nan,nan,nan,nan,nan
8.497913,8.502912,8.507938,8.507209,8.49969,7.6247077,nan,nan,nan,nan,nan,nan,nan,nan,nan,nan,nan,nan
7.8206387,7.830267,7.8363395,7.838191,7.836842,7.7418733,nan,nan,nan,nan,nan,nan,nan,nan,nan,nan,nan,nan
7.0401363,7.0386605,7.037591,7.0390234,7.0493174,7.009475,nan,nan,nan,nan,nan,nan,nan,nan,nan,nan,nan,nan
6.853273,6.8461723,6.8297467,6.8067193,6.807803,6.7064595,nan,nan,nan,nan,nan,nan,nan,nan,nan,nan,nan,nan
7.2383327,7.0719886,6.862958,6.693608,6.7400928,6.634641,nan,nan,nan,nan,nan,nan,nan,nan,nan,nan,nan,nan
7.5808616,7.153377,6.8799753,6.687246,6.667504,6.61332,nan,nan,nan,nan,nan,nan,nan,nan,nan,nan,nan,nan
8.659838,7.5299244,7.0300956,6.8101516,6.718893,6.630769,nan,nan,nan,nan,nan,nan,nan,nan,nan,nan,nan,nan
9.95474,8.046864,7.3103185,7.0862966,6.8188515,6.6227546,nan,nan,nan,nan,nan,nan,nan,nan,nan,nan,nan,nan
11.217815,9.047518,8.010956,7.5948033,7.022617,6.644486,nan,nan,nan,nan,nan,nan,nan,nan,nan,nan,nan,nan
11.513546,9.626001,8.41598,7.933109,7.283821,6.700465,nan,nan,nan,nan,nan,nan,nan,nan,nan,nan,nan,nan
10.782449,10.072085,9.0742855,8.417395,7.6187496,6.8025784,nan,nan,nan,nan,nan,nan,nan,nan,nan,nan,nan,nan
9.636597,9.620586,9.455994,8.949778,8.101159,6.98692,nan,nan,nan,nan,nan,nan,nan,nan,nan,nan,nan,nan
8.785887,8.782786,8.779174,8.758597,8.672432,7.6550164,nan,nan,nan,nan,nan,nan,nan,nan,nan,nan,nan,nan
8.054781,8.052455,8.0514765,8.047579,8.022579,7.955467,nan,nan,nan,nan,nan,nan,nan,nan,nan,nan,nan,nan
7.423499,7.4212713,7.4199495,7.4198775,7.418975,7.401215,nan,nan,nan,nan,nan,nan,nan,nan,nan,nan,nan,nan
7.053795,7.056492,7.0610976,7.068713,7.080298,7.0860443,nan,nan,nan,nan,nan,nan,nan,nan,nan,nan,nan,nan
7.1603065,7.118529,7.1179543,7.1126328,7.081739,7.041244,nan,nan,nan,nan,nan,nan,nan,nan,nan,nan,nan,nan
8.173553,7.9095926,7.791366,7.5639415,7.326166,7.0650334,nan,nan,nan,nan,nan,nan,nan,nan,nan,nan,nan,nan
9.345141,8.525413,8.021834,7.502777,7.4409027,7.0721526,nan,nan,nan,nan,nan,nan,nan,nan,nan,nan,nan,nan
10.58401,9.188369,8.160801,7.468808,7.375338,7.0551534,nan,nan,nan,nan,nan,nan,nan,nan,nan,nan,nan,nan
12.384056,10.760482,9.432755,8.461036,7.6688766,7.1562314,nan,nan,nan,nan,nan,nan,nan,nan,nan,nan,nan,nan
13.623621,12.361658,11.1580715,10.024261,8.468991,7.4359303,nan,nan,nan,nan,nan,nan,nan,nan,nan,nan,nan,nan
12.632559,12.44564,11.855402,10.85213,9.679935,8.066473,nan,nan,nan,nan,nan,nan,nan,nan,nan,nan,nan,nan
11.00104,10.999876,10.98734,10.828891,10.183089,8.617813,nan,nan,nan,nan,nan,nan,nan,nan,nan,nan,nan,nan
9.811142,9.813841,9.820744,9.840907,9.88796,9.361681,nan,nan,nan,nan,nan,nan,nan,nan,nan,nan,nan,nan
7.796399,7.865167,7.92344,7.9747834,7.9680433,8.038287,nan,nan,nan,nan,nan,nan,nan,nan,nan,nan,nan,nan
7.1062746,7.1364884,7.205085,7.2579217,7.2466626,7.2300205,nan,nan,nan,nan,nan,nan,nan,nan,nan,nan,nan,nan
7.040374,7.0341554,7.0355735,7.056846,7.051069,7.027666,nan,nan,nan,nan,nan,nan,nan,nan,nan,nan,nan,nan
7.3951983,7.2928624,7.1518483,7.052128,7.0997386,6.986055,nan,nan,nan,nan,nan,nan,nan,nan,nan,nan,nan,nan
7.9451566,7.7220273,7.574231,7.3163886,7.210345,6.966254,nan,nan,nan,nan,nan,nan,nan,nan,nan,nan,nan,nan
8.795223,8.060043,7.8034496,7.467349,7.347421,6.975155,nan,nan,nan,nan,nan,nan,nan,nan,nan,nan,nan,nan
10.451545,8.857287,8.029883,7.5287104,7.3543324,6.970077,nan,nan,nan,nan,nan,nan,nan,nan,nan,nan,nan,nan
11.620229,9.711825,8.554499,7.7113485,7.444932,7.0163817,nan,nan,nan,nan,nan,nan,nan,nan,nan,nan,nan,nan
11.931049,10.758423,9.641548,8.33163,7.6031976,7.0636783,nan,nan,nan,nan,nan,nan,nan,nan,nan,nan,nan,nan
11.241798,11.272031,10.987022,10.043585,8.674728,7.459804,nan,nan,nan,nan,nan,nan,nan,nan,nan,nan,nan,nan
10.121542,10.136965,10.111452,9.868221,9.106922,7.779351,nan,nan,nan,nan,nan,nan,nan,nan,nan,nan,nan,nan
9.0014515,9.001575,9.0072,9.015817,8.999436,8.511043,nan,nan,nan,nan,nan,nan,nan,nan,nan,nan,nan,nan
6.895038,6.909056,6.96988,7.06611,7.0481925,7.0648503,nan,nan,nan,nan,nan,nan,nan,nan,nan,nan,nan,nan
6.09398,6.101126,6.10851,6.10953,6.0976353,6.1361036,nan,nan,nan,nan,nan,nan,nan,nan,nan,nan,nan,nan
6.4456396,6.355089,6.2239003,6.2088065,6.176979,6.104896,nan,nan,nan,nan,nan,nan,nan,nan,nan,nan,nan,nan
7.686288,7.5496774,7.2338395,6.906518,6.460117,6.209894,nan,nan,nan,nan,nan,nan,nan,nan,nan,nan,nan,nan
8.439635,8.23684,8.02056,7.740379,7.2710924,6.391482,nan,nan,nan,nan,nan,nan,nan,nan,nan,nan,nan,nan
9.3324995,8.879541,8.415766,7.9952655,7.4962926,6.4990377,nan,nan,nan,nan,nan,nan,nan,nan,nan,nan,nan,nan
10.083505,9.699778,9.144207,8.506896,7.641968,6.5735645,nan,nan,nan,nan,nan,nan,nan,nan,nan,nan,nan,nan
12.21939,11.566323,10.632773,9.50894,8.11806,6.765,nan,nan,nan,nan,nan,nan,nan,nan,nan,nan,nan,nan
12.919427,11.9761,10.786107,9.594452,8.713826,7.147624,nan,nan,nan,nan,nan,nan,nan,nan,nan,nan,nan,nan
11.29143,11.182038,10.596885,9.476499,8.933064,7.4901843,nan,nan,nan,nan,nan,nan,nan,nan,nan,nan,nan,nan
9.712502,9.684446,9.476871,9.010624,8.670656,7.702991,nan,nan,nan,nan,nan,nan,nan,nan,nan,nan,nan,nan
8.298594,8.298246,8.298129,8.302366,8.322677,8.197057,nan,nan,nan,nan,nan,nan,nan,nan,nan,nan,nan,nan
7.351272,7.3512616,7.353262,7.3562007,7.3542194,7.3425756,nan,nan,nan,nan,nan,nan,nan,nan,nan,nan,nan,nan
7.1590366,7.15743,7.156614,7.1591344,7.1697555,7.157889,nan,nan,nan,nan,nan,nan,nan,nan,nan,nan,nan,nan
6.9288383,6.937463,6.96017,6.9821973,6.968013,6.947094,nan,nan,nan,nan,nan,nan,nan,nan,nan,nan,nan,nan
7.3160267,7.2495785,7.1435666,7.040162,6.9731684,6.9731913,nan,nan,nan,nan,nan,nan,nan,nan,nan,nan,nan,nan
8.118196,7.7766943,7.53254,7.2973685,7.1237965,6.95309,nan,nan,nan,nan,nan,nan,nan,nan,nan,nan,nan,nan
8.909719,8.253084,7.722077,7.3871455,7.1985245,6.9180093,nan,nan,nan,nan,nan,nan,nan,nan,nan,nan,nan,nan
11.98922,10.409441,9.189592,8.286922,7.410592,6.9439306,nan,nan,nan,nan,nan,nan,nan,nan,nan,nan,nan,nan
13.06992,11.429617,10.298171,9.273155,8.027038,7.1367955,nan,nan,nan,nan,nan,nan,nan,nan,nan,nan,nan,nan
12.484752,11.550176,10.517382,9.527852,8.4579735,7.3515124,nan,nan,nan,nan,nan,nan,nan,nan,nan,nan,nan,nan
10.669396,10.298709,9.803858,9.325126,8.680508,7.4689465,nan,nan,nan,nan,nan,nan,nan,nan,nan,nan,nan,nan
9.412049,9.404181,9.355042,9.210735,8.948624,7.7423353,nan,nan,nan,nan,nan,nan,nan,nan,nan,nan,nan,nan
8.257494,8.25897,8.26345,8.275318,8.297001,8.0883875,nan,nan,nan,nan,nan,nan,nan,nan,nan,nan,nan,nan
6.5711427,6.5692706,6.5670123,6.5600815,6.544594,6.5526366,nan,nan,nan,nan,nan,nan,nan,nan,nan,nan,nan,nan
6.2646337,6.2627044,6.2658315,6.2715,6.250793,6.262101,nan,nan,nan,nan,nan,nan,nan,nan,nan,nan,nan,nan
6.270379,6.267195,6.2642245,6.255817,6.2194195,6.167106,nan,nan,nan,nan,nan,nan,nan,nan,nan,nan,nan,nan
7.146816,7.0090356,6.903531,6.8321357,6.6481037,6.2969184,nan,nan,nan,nan,nan,nan,nan,nan,nan,nan,nan,nan
8.107059,7.493298,7.1261907,6.867795,6.7521667,6.328413,nan,nan,nan,nan,nan,nan,nan,nan,nan,nan,nan,nan
7.7597857,7.1221986,6.823147,6.641057,6.6251264,6.5306144,nan,nan,nan,nan,nan,nan,nan,nan,nan,nan,nan,nan
9.636407,8.911846,8.36364,7.7478256,6.7660947,6.524664,nan,nan,nan,nan,nan,nan,nan,nan,nan,nan,nan,nan
11.961152,10.87751,9.925333,8.87655,7.508087,6.621742,nan,nan,nan,nan,nan,nan,nan,nan,nan,nan,nan,nan
11.87724,10.616918,9.636948,8.759352,8.034288,6.8579803,nan,nan,nan,nan,nan,nan,nan,nan,nan,nan,nan,nan
10.259004,9.630642,8.958535,8.339902,7.862244,6.8925223,nan,nan,nan,nan,nan,nan,nan,nan,nan,nan,nan,nan
8.869525,8.827594,8.623312,8.224502,7.875409,6.9891148,nan,nan,nan,nan,nan,nan,nan,nan,nan,nan,nan,nan
7.9110827,7.911291,7.902888,7.854101,7.7182794,7.1582713,nan,nan,nan,nan,nan,nan,nan,nan,nan,nan,nan,nan
6.5168653,6.523087,6.5261884,6.524144,6.511495,6.503388,nan,nan,nan,nan,nan,nan,nan,nan,nan,nan,nan,nan
5.9295154,5.9432197,5.945145,5.9442515,5.9422736,5.9369993,nan,nan,nan,nan,nan,nan,nan,nan,nan,nan,nan,nan
5.71047,5.712546,5.7135954,5.7293735,5.7526884,5.7853866,nan,nan,nan,nan,nan,nan,nan,nan,nan,nan,nan,nan
6.3105035,6.105912,5.8913655,5.8326693,5.859994,5.8177285,nan,nan,nan,nan,nan,nan,nan,nan,nan,nan,nan,nan
7.3162436,6.675674,6.2554536,6.0829144,5.991057,5.8653407,nan,nan,nan,nan,nan,nan,nan,nan,nan,nan,nan,nan
7.778551,6.854068,6.26265,6.068311,6.028595,5.9494414,nan,nan,nan,nan,nan,nan,nan,nan,nan,nan,nan,nan
9.246062,8.467076,7.946939,7.4359665,6.2782393,6.035128,nan,nan,nan,nan,nan,nan,nan,nan,nan,nan,nan,nan
10.997303,10.590859,10.166506,9.132658,7.267002,6.259004,nan,nan,nan,nan,nan,nan,nan,nan,nan,nan,nan,nan
11.852136,11.232201,10.56376,9.427679,7.902776,6.446782,nan,nan,nan,nan,nan,nan,nan,nan,nan,nan,nan,nan
11.151426,10.922817,10.394146,9.585517,8.584275,6.848115,nan,nan,nan,nan,nan,nan,nan,nan,nan,nan,nan,nan
10.297271,10.299361,10.136345,9.531662,8.471152,7.012718,nan,nan,nan,nan,nan,nan,nan,nan,nan,nan,nan,nan
9.282928,9.280619,9.256164,9.134255,8.800128,7.6138835,nan,nan,nan,nan,nan,nan,nan,nan,nan,nan,nan,nan
6.4830403,6.4807525,6.478091,6.4821815,6.5140247,6.725237,nan,nan,nan,nan,nan,nan,nan,nan,nan,nan,nan,nan
6.2176433,6.214455,6.2111545,6.204908,6.1862745,6.1708307,nan,nan,nan,nan,nan,nan,nan,nan,nan,nan,nan,nan
6.413951,6.410126,6.4033856,6.400561,6.398339,6.3365335,nan,nan,nan,nan,nan,nan,nan,nan,nan,nan,nan,nan
7.0497365,6.753989,6.5041122,6.439195,6.4149346,6.3352904,nan,nan,nan,nan,nan,nan,nan,nan,nan,nan,nan,nan
7.7506123,7.086632,6.726738,6.550638,6.508708,6.324305,nan,nan,nan,nan,nan,nan,nan,nan,nan,nan,nan,nan
8.477661,7.747061,7.3943787,7.152976,6.694884,6.392234,nan,nan,nan,nan,nan,nan,nan,nan,nan,nan,nan,nan
9.987676,8.838741,7.8878403,7.520538,7.020577,6.502035,nan,nan,nan,nan,nan,nan,nan,nan,nan,nan,nan,nan
12.268459,9.7426,7.937354,7.2808275,7.081623,6.5381327,nan,nan,nan,nan,nan,nan,nan,nan,nan,nan,nan,nan
12.094054,9.705753,8.174317,7.532588,7.084669,6.564361,nan,nan,nan,nan,nan,nan,nan,nan,nan,nan,nan,nan
12.060314,11.083172,9.552586,8.174833,7.420196,6.754681,nan,nan,nan,nan,nan,nan,nan,nan,nan,nan,nan,nan
10.5912285,10.5224285,10.0063925,8.842518,7.8802276,7.0363145,nan,nan,nan,nan,nan,nan,nan,nan,nan,nan,nan,nan
8.89831,8.895355,8.780613,8.409466,7.875782,7.2525687,nan,nan,nan,nan,nan,nan,nan,nan,nan,nan,nan,nan
6.3937984,6.391539,6.389467,6.391411,6.406829,6.4921403,nan,nan,nan,nan,nan,nan,nan,nan,nan,nan,nan,nan
5.9470477,5.93765,5.922812,5.9122796,5.8945656,5.9296174,nan,nan,nan,nan,nan,nan,nan,nan,nan,nan,nan,nan
5.8386116,5.788931,5.7082896,5.6582193,5.653779,5.7017355,nan,nan,nan,nan,nan,nan,nan,nan,nan,nan,nan,nan
5.6862597,5.4920053,5.359334,5.305468,5.3098993,5.3945155,nan,nan,nan,nan,nan,nan,nan,nan,nan,nan,nan,nan
7.7480807,6.407479,5.648299,5.3808846,5.350484,5.3891416,nan,nan,nan,nan,nan,nan,nan,nan,nan,nan,nan,nan
8.999997,7.2471557,6.2251577,5.736634,5.526454,5.429137,nan,nan,nan,nan,nan,nan,nan,nan,nan,nan,nan,nan
9.506238,7.440704,6.2967906,5.8266172,5.6927843,5.469932,nan,nan,nan,nan,nan,nan,nan,nan,nan,nan,nan,nan
10.8472595,8.395069,6.9286933,6.272634,5.8076367,5.503969,nan,nan,nan,nan,nan,nan,nan,nan,nan,nan,nan,nan
12.395271,9.810766,7.6602964,6.764184,6.107014,5.592542,nan,nan,nan,nan,nan,nan,nan,nan,nan,nan,nan,nan
12.527591,11.175118,9.012761,7.476089,6.480792,5.7777033,nan,nan,nan,nan,nan,nan,nan,nan,nan,nan,nan,nan
10.697118,10.664254,10.336372,9.361034,7.8072186,6.188563,nan,nan,nan,nan,nan,nan,nan,nan,nan,nan,nan,nan
9.590142,9.58829,9.582991,9.493101,9.0954685,7.175075,nan,nan,nan,nan,nan,nan,nan,nan,nan,nan,nan,nan
7.3982396,7.3967085,7.3948536,7.39693,7.4114857,7.218975,nan,nan,nan,nan,nan,nan,nan,nan,nan,nan,nan,nan
6.9634805,6.960816,6.958488,6.9619646,6.98493,6.882591,nan,nan,nan,nan,nan,nan,nan,nan,nan,nan,nan,nan
6.8721313,6.8555436,6.84394,6.8416843,6.867818,6.854701,nan,nan,nan,nan,nan,nan,nan,nan,nan,nan,nan,nan
7.279372,6.9577503,6.862661,6.760778,6.838879,6.836758,nan,nan,nan,nan,nan,nan,nan,nan,nan,nan,nan,nan
8.565826,7.6817303,7.313265,7.0587087,6.8657017,6.776863,nan,nan,nan,nan,nan,nan,nan,nan,nan,nan,nan,nan
8.912353,7.95413,7.4546175,7.2110596,6.981782,6.767995,nan,nan,nan,nan,nan,nan,nan,nan,nan,nan,nan,nan
8.365242,7.905865,7.674591,7.4871354,7.1161575,6.7818365,nan,nan,nan,nan,nan,nan,nan,nan,nan,nan,nan,nan
9.332091,8.266999,8.038705,7.9107633,7.615699,6.9026403,nan,nan,nan,nan,nan,nan,nan,nan,nan,nan,nan,nan
9.989395,8.413257,8.215305,8.094187,7.813356,7.0314674,nan,nan,nan,nan,nan,nan,nan,nan,nan,nan,nan,nan
11.039823,9.613786,8.72615,8.367721,8.031902,7.2234755,nan,nan,nan,nan,nan,nan,nan,nan,nan,nan,nan,nan
9.992776,9.636131,8.939442,8.339215,8.084459,7.4366837,nan,nan,nan,nan,nan,nan,nan,nan,nan,nan,nan,nan
8.544817,8.417602,8.101847,7.7567987,7.72924,7.5437083,nan,nan,nan,nan,nan,nan,nan,nan,nan,nan,nan,nan
7.50069,7.505409,7.5109525,7.5302343,7.6033683,7.5103564,nan,nan,nan,nan,nan,nan,nan,nan,nan,nan,nan,nan
7.362424,7.359212,7.3561425,7.352382,7.3437324,7.259915,nan,nan,nan,nan,nan,nan,nan,nan,nan,nan,nan,nan
7.4715066,7.4674783,7.466556,7.4671006,7.4735327,7.4227858,nan,nan,nan,nan,nan,nan,nan,nan,nan,nan,nan,nan
7.651283,7.5743027,7.5143285,7.4591794,7.494891,7.4095984,nan,nan,nan,nan,nan,nan,nan,nan,nan,nan,nan,nan
8.765393,7.769299,7.5030565,7.426313,7.5045247,7.407585,nan,nan,nan,nan,nan,nan,nan,nan,nan,nan,nan,nan
9.27917,7.9625344,7.4803534,7.396207,7.421115,7.3411922,nan,nan,nan,nan,nan,nan,nan,nan,nan,nan,nan,nan
10.500972,8.839524,8.171869,7.878863,7.522273,7.3281336,nan,nan,nan,nan,nan,nan,nan,nan,nan,nan,nan,nan
11.936459,10.437926,9.518939,8.84067,7.956288,7.407591,nan,nan,nan,nan,nan,nan,nan,nan,nan,nan,nan,nan
12.706724,11.755835,10.607208,9.565716,8.453019,7.5384192,nan,nan,nan,nan,nan,nan,nan,nan,nan,nan,nan,nan
11.914076,11.708499,11.00438,9.8385725,8.794316,7.6459107,nan,nan,nan,nan,nan,nan,nan,nan,nan,nan,nan,nan
10.099189,10.097687,10.066489,9.922221,9.563544,8.104038,nan,nan,nan,nan,nan,nan,nan,nan,nan,nan,nan,nan
8.328937,8.327447,8.325687,8.329256,8.357997,8.296654,nan,nan,nan,nan,nan,nan,nan,nan,nan,nan,nan,nan
6.808248,6.8085284,6.811041,6.814206,6.8085833,6.8505645,nan,nan,nan,nan,nan,nan,nan,nan,nan,nan,nan,nan
6.4576435,6.4566474,6.459701,6.466742,6.4691463,6.4843745,nan,nan,nan,nan,nan,nan,nan,nan,nan,nan,nan,nan
6.6109996,6.611745,6.611716,6.594682,6.527324,6.3868604,nan,nan,nan,nan,nan,nan,nan,nan,nan,nan,nan,nan
7.071398,6.8756495,6.813978,6.7365603,6.6592126,6.38574,nan,nan,nan,nan,nan,nan,nan,nan,nan,nan,nan,nan
8.019206,7.287447,7.0884514,6.952037,6.7160363,6.382975,nan,nan,nan,nan,nan,nan,nan,nan,nan,nan,nan,nan
9.85077,7.7737193,7.2403746,7.1204114,6.8928065,6.419781,nan,nan,nan,nan,nan,nan,nan,nan,nan,nan,nan,nan
10.41277,8.419226,7.4963465,7.165107,6.967919,6.4491324,nan,nan,nan,nan,nan,nan,nan,nan,nan,nan,nan,nan
11.83726,9.4264,8.226545,7.469437,7.0512404,6.4974895,nan,nan,nan,nan,nan,nan,nan,nan,nan,nan,nan,nan
13.154107,10.275593,8.4733925,7.6996717,7.2012157,6.572367,nan,nan,nan,nan,nan,nan,nan,nan,nan,nan,nan,nan
12.709225,11.406632,9.246069,8.025528,7.3540664,6.666563,nan,nan,nan,nan,nan,nan,nan,nan,nan,nan,nan,nan
9.975917,9.965255,9.792174,9.257268,8.469558,7.1232986,nan,nan,nan,nan,nan,nan,nan,nan,nan,nan,nan,nan
8.917906,8.915807,8.913866,8.912483,8.912069,8.25009,nan,nan,nan,nan,nan,nan,nan,nan,nan,nan,nan,nan
7.2299223,7.228558,7.2277255,7.2385216,7.291169,7.3507414,nan,nan,nan,nan,nan,nan,nan,nan,nan,nan,nan,nan
6.381267,6.37861,6.376118,6.378243,6.396503,6.4368725,nan,nan,nan,nan,nan,nan,nan,nan,nan,nan,nan,nan
6.486775,6.4857635,6.4843063,6.4832835,6.4845653,6.439513,nan,nan,nan,nan,nan,nan,nan,nan,nan,nan,nan,nan
6.7645464,6.6741233,6.6478376,6.6286983,6.6042457,6.522989,nan,nan,nan,nan,nan,nan,nan,nan,nan,nan,nan,nan
7.342527,6.95918,6.8127837,6.7466145,6.677368,6.5030513,nan,nan,nan,nan,nan,nan,nan,nan,nan,nan,nan,nan
8.141582,7.3445687,7.02289,6.865674,6.7504063,6.5164595,nan,nan,nan,nan,nan,nan,nan,nan,nan,nan,nan,nan
12.153689,9.727006,7.8054953,6.8554697,6.736606,6.51188,nan,nan,nan,nan,nan,nan,nan,nan,nan,nan,nan,nan
13.627701,10.742354,8.128714,6.6930113,6.67447,6.4796553,nan,nan,nan,nan,nan,nan,nan,nan,nan,nan,nan,nan
13.085103,10.759506,8.249771,6.6848063,6.5161133,6.4338064,nan,nan,nan,nan,nan,nan,nan,nan,nan,nan,nan,nan
11.516127,10.059095,8.090408,6.9339614,6.616372,6.497725,nan,nan,nan,nan,nan,nan,nan,nan,nan,nan,nan,nan
10.72334,10.0970745,8.800622,7.761927,7.083111,6.8503914,nan,nan,nan,nan,nan,nan,nan,nan,nan,nan,nan,nan
9.027462,8.835253,8.295312,7.6594515,7.3309517,7.128427,nan,nan,nan,nan,nan,nan,nan,nan,nan,nan,nan,nan
